[{"agrictulture_ratio": 9100.0, "employed_percent": 50.4, "employed_total": 50350.0, "footnotes": null, "labor_force": "55910", "nonagriculture_ratio": 41250.0, "not_in_labor": 43990, "population": 99900, "population_percent": 56.0, "unemployed": 5560, "unemployed_percent": 9.9, "year": 1941},{"agrictulture_ratio": 9250.0, "employed_percent": 54.5, "employed_total": 53750.0, "footnotes": null, "labor_force": "56410", "nonagriculture_ratio": 44500.0, "not_in_labor": 42230, "population": 98640, "population_percent": 57.2, "unemployed": 2660, "unemployed_percent": 4.7, "year": 1942},{"agrictulture_ratio": 9080.0, "employed_percent": 57.6, "employed_total": 54470.0, "footnotes": null, "labor_force": "55540", "nonagriculture_ratio": 45390.0, "not_in_labor": 39100, "population": 94640, "population_percent": 58.7, "unemployed": 1070, "unemployed_percent": 1.9, "year": 1943},{"agrictulture_ratio": 8950.0, "employed_percent": 57.9, "employed_total": 53960.0, "footnotes": null, "labor_force": "54630", "nonagriculture_ratio": 45010.0, "not_in_labor": 38590, "population": 93220, "population_percent": 58.6, "unemployed": 670, "unemployed_percent": 1.2, "year": 1944},{"agrictulture_ratio": 8580.0, "employed_percent": 56.1, "employed_total": 52820.0, "footnotes": null, "labor_force": "53860", "nonagriculture_ratio": 44240.0, "not_in_labor": 40230, "population": 94090, "population_percent": 57.2, "unemployed": 1040, "unemployed_percent": 1.9, "year": 1945},{"agrictulture_ratio": 8320.0, "employed_percent": 53.6, "employed_total": 55250.0, "footnotes": null, "labor_force": "57520", "nonagriculture_ratio": 46930.0, "not_in_labor": 45550, "population": 103070, "population_percent": 55.8, "unemployed": 2270, "unemployed_percent": 3.9, "year": 1946},{"agrictulture_ratio": 8256.0, "employed_percent": 54.5, "employed_total": 57812.0, "footnotes": null, "labor_force": "60168", "nonagriculture_ratio": 49557.0, "not_in_labor": 45850, "population": 106018, "population_percent": 56.8, "unemployed": 2356, "unemployed_percent": 3.9, "year": 1947},{"agrictulture_ratio": 7890.0, "employed_percent": 56.0, "employed_total": 57038.0, "footnotes": null, "labor_force": "59350", "nonagriculture_ratio": 49148.0, "not_in_labor": 42477, "population": 101827, "population_percent": 58.3, "unemployed": 2311, "unemployed_percent": 3.9, "year": 1947},{"agrictulture_ratio": 7629.0, "employed_percent": 56.6, "employed_total": 58343.0, "footnotes": null, "labor_force": "60621", "nonagriculture_ratio": 50714.0, "not_in_labor": 42447, "population": 103068, "population_percent": 58.8, "unemployed": 2276, "unemployed_percent": 3.8, "year": 1948},{"agrictulture_ratio": 7658.0, "employed_percent": 55.4, "employed_total": 57651.0, "footnotes": null, "labor_force": "61286", "nonagriculture_ratio": 49993.0, "not_in_labor": 42708, "population": 103994, "population_percent": 58.9, "unemployed": 3637, "unemployed_percent": 5.9, "year": 1949},{"agrictulture_ratio": 7160.0, "employed_percent": 56.1, "employed_total": 58918.0, "footnotes": null, "labor_force": "62208", "nonagriculture_ratio": 51758.0, "not_in_labor": 42787, "population": 104995, "population_percent": 59.2, "unemployed": 3288, "unemployed_percent": 5.3, "year": 1950},{"agrictulture_ratio": 6726.0, "employed_percent": 57.3, "employed_total": 59961.0, "footnotes": null, "labor_force": "62017", "nonagriculture_ratio": 53235.0, "not_in_labor": 42604, "population": 104621, "population_percent": 59.2, "unemployed": 2055, "unemployed_percent": 3.3, "year": 1951},{"agrictulture_ratio": 6500.0, "employed_percent": 57.3, "employed_total": 60250.0, "footnotes": null, "labor_force": "62138", "nonagriculture_ratio": 53749.0, "not_in_labor": 43093, "population": 105231, "population_percent": 59.0, "unemployed": 1883, "unemployed_percent": 3.0, "year": 1952},{"agrictulture_ratio": 6260.0, "employed_percent": 57.1, "employed_total": 61179.0, "footnotes": "1", "labor_force": "63015", "nonagriculture_ratio": 54919.0, "not_in_labor": 44041, "population": 107056, "population_percent": 58.9, "unemployed": 1834, "unemployed_percent": 2.9, "year": 1953},{"agrictulture_ratio": 6205.0, "employed_percent": 55.5, "employed_total": 60109.0, "footnotes": null, "labor_force": "63643", "nonagriculture_ratio": 53904.0, "not_in_labor": 44678, "population": 108321, "population_percent": 58.8, "unemployed": 3532, "unemployed_percent": 5.5, "year": 1954},{"agrictulture_ratio": 6450.0, "employed_percent": 56.7, "employed_total": 62170.0, "footnotes": null, "labor_force": "65023", "nonagriculture_ratio": 55722.0, "not_in_labor": 44660, "population": 109683, "population_percent": 59.3, "unemployed": 2852, "unemployed_percent": 4.4, "year": 1955},{"agrictulture_ratio": 6283.0, "employed_percent": 57.5, "employed_total": 63799.0, "footnotes": null, "labor_force": "66552", "nonagriculture_ratio": 57514.0, "not_in_labor": 44402, "population": 110954, "population_percent": 60.0, "unemployed": 2750, "unemployed_percent": 4.1, "year": 1956},{"agrictulture_ratio": 5947.0, "employed_percent": 57.1, "employed_total": 64071.0, "footnotes": null, "labor_force": "66929", "nonagriculture_ratio": 58123.0, "not_in_labor": 45336, "population": 112265, "population_percent": 59.6, "unemployed": 2859, "unemployed_percent": 4.3, "year": 1957},{"agrictulture_ratio": 5586.0, "employed_percent": 55.4, "employed_total": 63036.0, "footnotes": null, "labor_force": "67639", "nonagriculture_ratio": 57450.0, "not_in_labor": 46088, "population": 113727, "population_percent": 59.5, "unemployed": 4602, "unemployed_percent": 6.8, "year": 1958},{"agrictulture_ratio": 5565.0, "employed_percent": 56.0, "employed_total": 64630.0, "footnotes": null, "labor_force": "68369", "nonagriculture_ratio": 59065.0, "not_in_labor": 46960, "population": 115329, "population_percent": 59.3, "unemployed": 3740, "unemployed_percent": 5.5, "year": 1959},{"agrictulture_ratio": 5458.0, "employed_percent": 56.1, "employed_total": 65778.0, "footnotes": "1", "labor_force": "69628", "nonagriculture_ratio": 60318.0, "not_in_labor": 47617, "population": 117245, "population_percent": 59.4, "unemployed": 3852, "unemployed_percent": 5.5, "year": 1960},{"agrictulture_ratio": 5200.0, "employed_percent": 55.4, "employed_total": 65746.0, "footnotes": null, "labor_force": "70459", "nonagriculture_ratio": 60546.0, "not_in_labor": 48312, "population": 118771, "population_percent": 59.3, "unemployed": 4714, "unemployed_percent": 6.7, "year": 1961},{"agrictulture_ratio": 4944.0, "employed_percent": 55.5, "employed_total": 66702.0, "footnotes": "1", "labor_force": "70614", "nonagriculture_ratio": 61759.0, "not_in_labor": 49539, "population": 120153, "population_percent": 58.8, "unemployed": 3911, "unemployed_percent": 5.5, "year": 1962},{"agrictulture_ratio": 4687.0, "employed_percent": 55.4, "employed_total": 67762.0, "footnotes": null, "labor_force": "71833", "nonagriculture_ratio": 63076.0, "not_in_labor": 50583, "population": 122416, "population_percent": 58.7, "unemployed": 4070, "unemployed_percent": 5.7, "year": 1963},{"agrictulture_ratio": 4523.0, "employed_percent": 55.7, "employed_total": 69305.0, "footnotes": null, "labor_force": "73091", "nonagriculture_ratio": 64782.0, "not_in_labor": 51394, "population": 124485, "population_percent": 58.7, "unemployed": 3786, "unemployed_percent": 5.2, "year": 1964},{"agrictulture_ratio": 4361.0, "employed_percent": 56.2, "employed_total": 71088.0, "footnotes": null, "labor_force": "74455", "nonagriculture_ratio": 66726.0, "not_in_labor": 52058, "population": 126513, "population_percent": 58.9, "unemployed": 3366, "unemployed_percent": 4.5, "year": 1965},{"agrictulture_ratio": 3979.0, "employed_percent": 56.9, "employed_total": 72895.0, "footnotes": null, "labor_force": "75770", "nonagriculture_ratio": 68915.0, "not_in_labor": 52288, "population": 128058, "population_percent": 59.2, "unemployed": 2875, "unemployed_percent": 3.8, "year": 1966},{"agrictulture_ratio": 3844.0, "employed_percent": 57.3, "employed_total": 74372.0, "footnotes": null, "labor_force": "77347", "nonagriculture_ratio": 70527.0, "not_in_labor": 52527, "population": 129874, "population_percent": 59.6, "unemployed": 2975, "unemployed_percent": 3.8, "year": 1967},{"agrictulture_ratio": 3817.0, "employed_percent": 57.5, "employed_total": 75920.0, "footnotes": null, "labor_force": "78737", "nonagriculture_ratio": 72103.0, "not_in_labor": 53291, "population": 132028, "population_percent": 59.6, "unemployed": 2817, "unemployed_percent": 3.6, "year": 1968},{"agrictulture_ratio": 3606.0, "employed_percent": 58.0, "employed_total": 77902.0, "footnotes": null, "labor_force": "80734", "nonagriculture_ratio": 74296.0, "not_in_labor": 53602, "population": 134335, "population_percent": 60.1, "unemployed": 2832, "unemployed_percent": 3.5, "year": 1969},{"agrictulture_ratio": 3463.0, "employed_percent": 57.4, "employed_total": 78678.0, "footnotes": null, "labor_force": "82771", "nonagriculture_ratio": 75215.0, "not_in_labor": 54315, "population": 137085, "population_percent": 60.4, "unemployed": 4093, "unemployed_percent": 4.9, "year": 1970},{"agrictulture_ratio": 3394.0, "employed_percent": 56.6, "employed_total": 79367.0, "footnotes": null, "labor_force": "84382", "nonagriculture_ratio": 75972.0, "not_in_labor": 55834, "population": 140216, "population_percent": 60.2, "unemployed": 5016, "unemployed_percent": 5.9, "year": 1971},{"agrictulture_ratio": 3484.0, "employed_percent": 57.0, "employed_total": 82153.0, "footnotes": "1", "labor_force": "87034", "nonagriculture_ratio": 78669.0, "not_in_labor": 57091, "population": 144126, "population_percent": 60.4, "unemployed": 4882, "unemployed_percent": 5.6, "year": 1972},{"agrictulture_ratio": 3470.0, "employed_percent": 57.8, "employed_total": 85064.0, "footnotes": "1", "labor_force": "89429", "nonagriculture_ratio": 81594.0, "not_in_labor": 57667, "population": 147096, "population_percent": 60.8, "unemployed": 4365, "unemployed_percent": 4.9, "year": 1973},{"agrictulture_ratio": 3515.0, "employed_percent": 57.8, "employed_total": 86794.0, "footnotes": null, "labor_force": "91949", "nonagriculture_ratio": 83279.0, "not_in_labor": 58171, "population": 150120, "population_percent": 61.3, "unemployed": 5156, "unemployed_percent": 5.6, "year": 1974},{"agrictulture_ratio": 3408.0, "employed_percent": 56.1, "employed_total": 85846.0, "footnotes": null, "labor_force": "93774", "nonagriculture_ratio": 82438.0, "not_in_labor": 59377, "population": 153153, "population_percent": 61.2, "unemployed": 7929, "unemployed_percent": 8.5, "year": 1975},{"agrictulture_ratio": 3331.0, "employed_percent": 56.8, "employed_total": 88752.0, "footnotes": null, "labor_force": "96158", "nonagriculture_ratio": 85421.0, "not_in_labor": 59991, "population": 156150, "population_percent": 61.6, "unemployed": 7406, "unemployed_percent": 7.7, "year": 1976},{"agrictulture_ratio": 3283.0, "employed_percent": 57.9, "employed_total": 92017.0, "footnotes": null, "labor_force": "99008", "nonagriculture_ratio": 88734.0, "not_in_labor": 60025, "population": 159033, "population_percent": 62.3, "unemployed": 6991, "unemployed_percent": 7.1, "year": 1977},{"agrictulture_ratio": 3387.0, "employed_percent": 59.3, "employed_total": 96048.0, "footnotes": "1", "labor_force": "102250", "nonagriculture_ratio": 92661.0, "not_in_labor": 59659, "population": 161910, "population_percent": 63.2, "unemployed": 6202, "unemployed_percent": 6.1, "year": 1978},{"agrictulture_ratio": 3347.0, "employed_percent": 59.9, "employed_total": 98824.0, "footnotes": null, "labor_force": "104962", "nonagriculture_ratio": 95477.0, "not_in_labor": 59900, "population": 164863, "population_percent": 63.7, "unemployed": 6137, "unemployed_percent": 5.8, "year": 1979},{"agrictulture_ratio": 3364.0, "employed_percent": 59.2, "employed_total": 99302.0, "footnotes": null, "labor_force": "106940", "nonagriculture_ratio": 95938.0, "not_in_labor": 60806, "population": 167745, "population_percent": 63.8, "unemployed": 7637, "unemployed_percent": 7.1, "year": 1980},{"agrictulture_ratio": 3368.0, "employed_percent": 59.0, "employed_total": 100397.0, "footnotes": null, "labor_force": "108670", "nonagriculture_ratio": 97030.0, "not_in_labor": 61460, "population": 170130, "population_percent": 63.9, "unemployed": 8273, "unemployed_percent": 7.6, "year": 1981},{"agrictulture_ratio": 3401.0, "employed_percent": 57.8, "employed_total": 99526.0, "footnotes": null, "labor_force": "110204", "nonagriculture_ratio": 96125.0, "not_in_labor": 62067, "population": 172271, "population_percent": 64.0, "unemployed": 10678, "unemployed_percent": 9.7, "year": 1982},{"agrictulture_ratio": 3383.0, "employed_percent": 57.9, "employed_total": 100834.0, "footnotes": null, "labor_force": "111550", "nonagriculture_ratio": 97450.0, "not_in_labor": 62665, "population": 174215, "population_percent": 64.0, "unemployed": 10717, "unemployed_percent": 9.6, "year": 1983},{"agrictulture_ratio": 3321.0, "employed_percent": 59.5, "employed_total": 105005.0, "footnotes": null, "labor_force": "113544", "nonagriculture_ratio": 101685.0, "not_in_labor": 62839, "population": 176383, "population_percent": 64.4, "unemployed": 8539, "unemployed_percent": 7.5, "year": 1984},{"agrictulture_ratio": 3179.0, "employed_percent": 60.1, "employed_total": 107150.0, "footnotes": null, "labor_force": "115461", "nonagriculture_ratio": 103971.0, "not_in_labor": 62744, "population": 178206, "population_percent": 64.8, "unemployed": 8312, "unemployed_percent": 7.2, "year": 1985},{"agrictulture_ratio": 3163.0, "employed_percent": 60.7, "employed_total": 109597.0, "footnotes": "1", "labor_force": "117834", "nonagriculture_ratio": 106434.0, "not_in_labor": 62752, "population": 180587, "population_percent": 65.3, "unemployed": 8237, "unemployed_percent": 7.0, "year": 1986},{"agrictulture_ratio": 3208.0, "employed_percent": 61.5, "employed_total": 112440.0, "footnotes": null, "labor_force": "119865", "nonagriculture_ratio": 109232.0, "not_in_labor": 62888, "population": 182753, "population_percent": 65.6, "unemployed": 7425, "unemployed_percent": 6.2, "year": 1987},{"agrictulture_ratio": 3169.0, "employed_percent": 62.3, "employed_total": 114968.0, "footnotes": null, "labor_force": "121669", "nonagriculture_ratio": 111800.0, "not_in_labor": 62944, "population": 184613, "population_percent": 65.9, "unemployed": 6701, "unemployed_percent": 5.5, "year": 1988},{"agrictulture_ratio": 3199.0, "employed_percent": 63.0, "employed_total": 117342.0, "footnotes": null, "labor_force": "123869", "nonagriculture_ratio": 114142.0, "not_in_labor": 62523, "population": 186393, "population_percent": 66.5, "unemployed": 6528, "unemployed_percent": 5.3, "year": 1989},{"agrictulture_ratio": 3223.0, "employed_percent": 62.8, "employed_total": 118793.0, "footnotes": "1", "labor_force": "125840", "nonagriculture_ratio": 115570.0, "not_in_labor": 63324, "population": 189164, "population_percent": 66.5, "unemployed": 7047, "unemployed_percent": 5.6, "year": 1990},{"agrictulture_ratio": 3269.0, "employed_percent": 61.7, "employed_total": 117718.0, "footnotes": null, "labor_force": "126346", "nonagriculture_ratio": 114449.0, "not_in_labor": 64578, "population": 190925, "population_percent": 66.2, "unemployed": 8628, "unemployed_percent": 6.8, "year": 1991},{"agrictulture_ratio": 3247.0, "employed_percent": 61.5, "employed_total": 118492.0, "footnotes": null, "labor_force": "128105", "nonagriculture_ratio": 115245.0, "not_in_labor": 64700, "population": 192805, "population_percent": 66.4, "unemployed": 9613, "unemployed_percent": 7.5, "year": 1992},{"agrictulture_ratio": 3115.0, "employed_percent": 61.7, "employed_total": 120259.0, "footnotes": null, "labor_force": "129200", "nonagriculture_ratio": 117144.0, "not_in_labor": 65638, "population": 194838, "population_percent": 66.3, "unemployed": 8940, "unemployed_percent": 6.9, "year": 1993},{"agrictulture_ratio": 3409.0, "employed_percent": 62.5, "employed_total": 123060.0, "footnotes": "1", "labor_force": "131056", "nonagriculture_ratio": 119651.0, "not_in_labor": 65758, "population": 196814, "population_percent": 66.6, "unemployed": 7996, "unemployed_percent": 6.1, "year": 1994},{"agrictulture_ratio": 3440.0, "employed_percent": 62.9, "employed_total": 124900.0, "footnotes": null, "labor_force": "132304", "nonagriculture_ratio": 121460.0, "not_in_labor": 66280, "population": 198584, "population_percent": 66.6, "unemployed": 7404, "unemployed_percent": 5.6, "year": 1995},{"agrictulture_ratio": 3443.0, "employed_percent": 63.2, "employed_total": 126708.0, "footnotes": null, "labor_force": "133943", "nonagriculture_ratio": 123264.0, "not_in_labor": 66647, "population": 200591, "population_percent": 66.8, "unemployed": 7236, "unemployed_percent": 5.4, "year": 1996},{"agrictulture_ratio": 3399.0, "employed_percent": 63.8, "employed_total": 129558.0, "footnotes": "1", "labor_force": "136297", "nonagriculture_ratio": 126159.0, "not_in_labor": 66836, "population": 203133, "population_percent": 67.1, "unemployed": 6739, "unemployed_percent": 4.9, "year": 1997},{"agrictulture_ratio": 3378.0, "employed_percent": 64.1, "employed_total": 131463.0, "footnotes": "1", "labor_force": "137673", "nonagriculture_ratio": 128085.0, "not_in_labor": 67547, "population": 205220, "population_percent": 67.1, "unemployed": 6210, "unemployed_percent": 4.5, "year": 1998},{"agrictulture_ratio": 3281.0, "employed_percent": 64.3, "employed_total": 133488.0, "footnotes": "1", "labor_force": "139368", "nonagriculture_ratio": 130207.0, "not_in_labor": 68385, "population": 207753, "population_percent": 67.1, "unemployed": 5880, "unemployed_percent": 4.2, "year": 1999},{"agrictulture_ratio": 2464.0, "employed_percent": 64.4, "employed_total": 136891.0, "footnotes": "1", "labor_force": "142583", "nonagriculture_ratio": 134427.0, "not_in_labor": 69994, "population": 212577, "population_percent": 67.1, "unemployed": 5692, "unemployed_percent": 4.0, "year": 2000},{"agrictulture_ratio": 2299.0, "employed_percent": 63.7, "employed_total": 136933.0, "footnotes": null, "labor_force": "143734", "nonagriculture_ratio": 134635.0, "not_in_labor": 71359, "population": 215092, "population_percent": 66.8, "unemployed": 6801, "unemployed_percent": 4.7, "year": 2001},{"agrictulture_ratio": 2311.0, "employed_percent": 62.7, "employed_total": 136485.0, "footnotes": null, "labor_force": "144863", "nonagriculture_ratio": 134174.0, "not_in_labor": 72707, "population": 217570, "population_percent": 66.6, "unemployed": 8378, "unemployed_percent": 5.8, "year": 2002},{"agrictulture_ratio": 2275.0, "employed_percent": 62.3, "employed_total": 137736.0, "footnotes": "1", "labor_force": "146510", "nonagriculture_ratio": 135461.0, "not_in_labor": 74658, "population": 221168, "population_percent": 66.2, "unemployed": 8774, "unemployed_percent": 6.0, "year": 2003},{"agrictulture_ratio": 2232.0, "employed_percent": 62.3, "employed_total": 139252.0, "footnotes": "1", "labor_force": "147401", "nonagriculture_ratio": 137020.0, "not_in_labor": 75956, "population": 223357, "population_percent": 66.0, "unemployed": 8149, "unemployed_percent": 5.5, "year": 2004},{"agrictulture_ratio": 2197.0, "employed_percent": 62.7, "employed_total": 141730.0, "footnotes": "1", "labor_force": "149320", "nonagriculture_ratio": 139532.0, "not_in_labor": 76762, "population": 226082, "population_percent": 66.0, "unemployed": 7591, "unemployed_percent": 5.1, "year": 2005},{"agrictulture_ratio": 2206.0, "employed_percent": 63.1, "employed_total": 144427.0, "footnotes": "1", "labor_force": "151428", "nonagriculture_ratio": 142221.0, "not_in_labor": 77387, "population": 228815, "population_percent": 66.2, "unemployed": 7001, "unemployed_percent": 4.6, "year": 2006},{"agrictulture_ratio": 2095.0, "employed_percent": 63.0, "employed_total": 146047.0, "footnotes": "1", "labor_force": "153124", "nonagriculture_ratio": 143952.0, "not_in_labor": 78743, "population": 231867, "population_percent": 66.0, "unemployed": 7078, "unemployed_percent": 4.6, "year": 2007},{"agrictulture_ratio": 2168.0, "employed_percent": 62.2, "employed_total": 145362.0, "footnotes": "1", "labor_force": "154287", "nonagriculture_ratio": 143194.0, "not_in_labor": 79501, "population": 233788, "population_percent": 66.0, "unemployed": 8924, "unemployed_percent": 5.8, "year": 2008},{"agrictulture_ratio": 2103.0, "employed_percent": 59.3, "employed_total": 139877.0, "footnotes": "1", "labor_force": "154142", "nonagriculture_ratio": 137775.0, "not_in_labor": 81659, "population": 235801, "population_percent": 65.4, "unemployed": 14265, "unemployed_percent": 9.3, "year": 2009},{"agrictulture_ratio": 2206.0, "employed_percent": 58.5, "employed_total": 139064.0, "footnotes": "1", "labor_force": "153889", "nonagriculture_ratio": 136858.0, "not_in_labor": 83941, "population": 237830, "population_percent": 64.7, "unemployed": 14825, "unemployed_percent": 9.6, "year": 2010}]